{
  "lifetime": 431.9456660747528,
  "experiences": 19,
  "final_energy": 0.0,
  "termination_time": 1754699321.509992
}